-- 연습문제 1번
CREATE TABLE DEPARTMENT(
    DEPT_ID CHAR(2),
    DEPT_TITLE VARCHAR2(35),
    LOCATION_ID CHAR(2)
);

INSERT INTO DEPARTMENT VALUES('D1', '인사관리부', 'L1');
INSERT INTO DEPARTMENT VALUES('D2', '회계관리부', 'L1');
INSERT INTO DEPARTMENT VALUES('D3', '마케팅부', 'L1');
INSERT INTO DEPARTMENT VALUES('D4', '국내영업부', 'L1');
INSERT INTO DEPARTMENT VALUES('D5', '해외영업1부', 'L2');
INSERT INTO DEPARTMENT VALUES('D6', '해외영업2부', 'L3');
INSERT INTO DEPARTMENT VALUES('D7', '해외영업3부', 'L4');
INSERT INTO DEPARTMENT VALUES('D8', '기술지원부', 'L5');
INSERT INTO DEPARTMENT VALUES('D9', '총무부', 'L1');

-- 연습문제 2번
CREATE TABLE EMPLOYEE (
    EMP_ID VARCHAR2(3),
    EMP_NAME VARCHAR2(20),
    EMP_NO CHAR(14),
    EMALL VARCHAR2(25),
    PHONE VARCHAR2(12),
    DEPT_CODE CHAR(2),
    JOB_CODE CHAR(2),
    SAL_LEVEL CHAR(2),
    SALARY NUMBER,
    BONUS NUMBER,
    MANAGER_ID VARCHAR2(3),
    ENT_DATE DATE,
    ENT_YN CHAR(1)
);

-- 연습문제 3번
CREATE TABLE JOB(
    JOB_CODE CHAR(2),
    JOB_NAME VARCHAR2(35)
);

INSERT INTO JOB VALUES('J1', '대표');
INSERT INTO JOB VALUES('J2', '부사장');
INSERT INTO JOB VALUES('J3', '부장');
INSERT INTO JOB VALUES('J4', '차장');
INSERT INTO JOB VALUES('J5', '과장');
INSERT INTO JOB VALUES('J6', '대리');
INSERT INTO JOB VALUES('J7', '사원');

-- 연습문제 4번
CREATE TABLE LOCATION(
    LOCAL_CODE CHAR(2),
    NATIONAL_CODE CHAR(2),
    LOCAL_NAME VARCHAR2(40)
);

DELETE FROM LOCATION;

INSERT INTO LOCATION VALUES('L1', 'KO', 'ASIA1');
INSERT INTO LOCATION VALUES('L2', 'JP', 'ASIA2');
INSERT INTO LOCATION VALUES('L3', 'CH', 'ASIA3');
INSERT INTO LOCATION VALUES('L4', 'US', 'AMERICA');
INSERT INTO LOCATION VALUES('L5', 'RU', 'EU');

-- 연습문제 5번
CREATE TABLE NATIONAL(
    NATIONAL_CODE CHAR(2),
    NATIONAL_NAME VARCHAR2(35)
);

INSERT INTO NATIONAL VALUES('KO', '한국');
INSERT INTO NATIONAL VALUES('JP', '일본');
INSERT INTO NATIONAL VALUES('CH', '중국');
INSERT INTO NATIONAL VALUES('US', '미국');
INSERT INTO NATIONAL VALUES('RU', '러시아');

-- 연습문제 6번
CREATE TABLE SAL_GRADE(
    SAL_LEVEL CHAR(2),
    MIN_SAL NUMBER,
    MAX_SAL NUMBER
);

INSERT INTO SAL_GRADE VALUES('S1', 6000000, 10000000);
INSERT INTO SAL_GRADE VALUES('S2', 5000000, 5999999);
INSERT INTO SAL_GRADE VALUES('S3', 4000000, 4999999);
INSERT INTO SAL_GRADE VALUES('S4', 3000000, 3999999);
INSERT INTO SAL_GRADE VALUES('S5', 2000000, 2999999);
INSERT INTO SAL_GRADE VALUES('S6', 1000000, 1999999);
